det,channel,slope,intercept
hpge,0,0.1843050886750900,1.5384258722610900 
